{"cameraMode":{"drawMode":0,"name":"Shaded","section":"Shading Mode"},"sceneLighting":true,"audioPlay":false,"sceneViewState":{"m_AlwaysRefresh":false,"showFog":false,"showSkybox":true,"showFlares":false,"showImageEffects":false,"showParticleSystems":false,"showVisualEffectGraphs":true,"m_FxEnabled":true},"in2DMode":false,"pivot":{"x":2.4574451446533205,"y":4.001176357269287,"z":9.692057609558106},"rotation":{"x":-0.04870293289422989,"y":0.00122558674775064,"z":0.006640757899731398,"w":0.9988120794296265},"size":7.503514289855957,"orthographic":false}