{"cameraMode":{"drawMode":0,"name":"Shaded","section":"Shading Mode"},"sceneLighting":true,"audioPlay":false,"sceneViewState":{"showFog":false,"showMaterialUpdate":false,"showSkybox":false,"showFlares":false,"showImageEffects":false,"showParticleSystems":false},"in2DMode":false,"pivot":{"x":0.05387759208679199,"y":0.9656591415405273,"z":3.545846939086914},"rotation":{"x":0.2303527444601059,"y":-0.15482290089130402,"z":0.037150200456380847,"w":0.9599936008453369},"size":2.749518871307373,"orthographic":false}